{"cameraMode":{"drawMode":0,"name":"Shaded","section":"Shading Mode"},"sceneLighting":true,"audioPlay":false,"sceneViewState":{"showFog":true,"showMaterialUpdate":false,"showSkybox":true,"showFlares":true,"showImageEffects":true,"showParticleSystems":true},"in2DMode":false,"pivot":{"x":-3.4108238220214845,"y":1.0181114673614503,"z":-7.577547073364258},"rotation":{"x":-0.34059861302375796,"y":0.6464069485664368,"z":-0.39570215344429018,"w":-0.556390643119812},"size":22.11396026611328,"orthographic":false}