{"cameraMode":{"drawMode":0,"name":"Shaded","section":"Shading Mode"},"sceneLighting":true,"audioPlay":false,"sceneViewState":{"showFog":true,"showMaterialUpdate":false,"showSkybox":true,"showFlares":true,"showImageEffects":true,"showParticleSystems":true},"in2DMode":false,"pivot":{"x":-9.245183944702149,"y":4.136490821838379,"z":-9.83909797668457},"rotation":{"x":-0.34059861302375796,"y":0.6464069485664368,"z":-0.39570215344429018,"w":-0.556390643119812},"size":38.88044357299805,"orthographic":false}